"","ID","Description","GeneRatio","BgRatio","pvalue","p.adjust","qvalue","geneID","Count"
"GO:0010001","GO:0010001","glial cell differentiation","31/453","242/16051",1.81737836094589e-12,8.23272397508489e-09,5.87874074019655e-09,"Kcnj10/Vim/Ptpra/Phgdh/Dab1/Plpp3/Hes5/Ptprz1/Ptn/Nr2e1/Lrp1/Mt3/Clu/Dag1/Cspg5/Gfap/Sox9/Id4/Ntrk2/Id2/Hes1/Qk/Daam2/Tcf7l2/Nr1d1/Sirt2/Il6st/Klf15/Dmd/Ntrk3/Serpine2",31
"GO:0050673","GO:0050673","epithelial cell proliferation","38/453","388/16051",2.37741862277929e-11,2.7244835608736e-08,1.94547182120706e-08,"Igfbp5/Glul/Cebpb/Sox2/Notch2/F3/Jun/Hes5/Ptn/Apoe/Zfp36/Htra1/Gja1/Sfrp1/Fgfr1/Cyba/Adk/Rgcc/Ednrb/Sparc/Sox9/Ctsl/Thbs4/Id2/Zfp36l1/Hes1/Klf9/Tcf7l2/Sidt2/Nr1d1/Hgf/Fgfr2/Zfp703/Mcc/Tgfb2/Tfap2c/Fabp7/Nr4a1",38
"GO:0045685","GO:0045685","regulation of glial cell differentiation","18/453","86/16051",2.40572499856389e-11,2.7244835608736e-08,1.94547182120706e-08,"Ptpra/Dab1/Hes5/Ptprz1/Ptn/Nr2e1/Dag1/Id4/Id2/Hes1/Qk/Daam2/Tcf7l2/Nr1d1/Sirt2/Il6st/Ntrk3/Serpine2",18
"GO:0001503","GO:0001503","ossification","35/453","350/16051",8.49200708066677e-11,7.69375841508409e-08,5.49388163345031e-08,"Igfbp5/Bcl2/Lrp4/Cebpb/Gnas/Gpm6b/Sox2/Wwtr1/S1pr1/Id3/Atraid/Ptn/Gja1/Sfrp1/Fgfr1/Jund/Junb/Fermt2/Thra/Sox9/Id4/Id2/Cbs/Gabbr1/Rorb/Tcf7l2/Cebpd/Il6st/Bmpr1b/Tob1/Plxnb1/Sort1/Fgfr2/Col1a2/Ctnnbip1",35
"GO:0001649","GO:0001649","osteoblast differentiation","23/453","186/16051",2.81221343732178e-09,1.53558716513305e-06,1.09651663958496e-06,"Igfbp5/Cebpb/Gnas/Sox2/Wwtr1/Id3/Atraid/Gja1/Sfrp1/Fgfr1/Jund/Junb/Fermt2/Sox9/Id4/Id2/Gabbr1/Rorb/Cebpd/Il6st/Bmpr1b/Tob1/Ctnnbip1",23
"GO:0045667","GO:0045667","regulation of osteoblast differentiation","19/453","130/16051",4.20795078454557e-09,1.90620170539914e-06,1.36116134325353e-06,"Igfbp5/Cebpb/Gnas/Sox2/Wwtr1/Id3/Atraid/Sfrp1/Fgfr1/Jund/Fermt2/Sox9/Id2/Rorb/Cebpd/Il6st/Bmpr1b/Tob1/Ctnnbip1",19
"GO:0003013","GO:0003013","circulatory system process","37/453","452/16051",6.6420292648112e-09,2.52915763012584e-06,1.80599544495799e-06,"Atp1b1/Atp1a2/Gnas/Slc16a2/Wwtr1/S100a1/Atp1a1/Gclm/Ddah1/Camk2n1/Hopx/Apoe/Fxyd1/Gja1/Lrp1/Slc27a1/Gnao1/Cyba/Fermt2/Ednrb/Gnai2/Thra/Id2/Emp2/Cbs/Nr3c1/Kcnn2/Add3/Camk2d/Dmd/Col1a2/Abr/Gsn/Rarres2/Tgfb2/Ctnnbip1/Klf2",37
"GO:0009611","GO:0009611","response to wounding","35/453","412/16051",6.69975531159163e-09,2.52915763012584e-06,1.80599544495799e-06,"Dst/Bcl2/Entpd2/Slc1a2/Sdc4/Gnas/Syt11/Notch2/F3/Klf4/Tnc/Jun/Plpp3/Ptn/Cd9/Apoe/Zfp36/Rgma/Gja1/Lrp1/Fermt2/Neo1/Gfap/Zfp36l1/Slc1a3/Zfp36l2/Neat1/Ptprf/Pdpn/Ntrk3/Celsr1/Tgfb2/Slc7a11/Serpine2/Nfe2l2",35
"GO:0031102","GO:0031102","neuron projection regeneration","13/453","60/16051",9.37333284710036e-09,3.26624598441266e-06,2.33232808414084e-06,"Bcl2/Klf4/Tnc/Jun/Ptn/Rgma/Lrp1/Neo1/Gfap/Hgf/Ptprf/Ntrk3/Prrx1",13
"GO:0070371","GO:0070371","ERK1 and ERK2 cascade","28/453","285/16051",1.02000268831671e-08,3.30043727005334e-06,2.35674305353176e-06,"Sirpa/Notch2/Klf4/Jun/Camk2n1/Apoe/Cavin3/Timp3/Lrp1/Mt3/Fermt2/Ndrg2/Ephb1/Gnai2/Sox9/Slc9a3r1/Zfp36l1/Zfp36l2/Nrxn1/Pdgfrb/Camk2d/Tpbg/Dusp1/Chil1/Phlpp1/Fgfr2/Dmd/Ntsr2",28
"GO:0050678","GO:0050678","regulation of epithelial cell proliferation","30/453","331/16051",1.94190305795156e-08,5.17460050148269e-06,3.69502668550164e-06,"Glul/Sox2/Notch2/F3/Jun/Hes5/Ptn/Apoe/Zfp36/Htra1/Gja1/Sfrp1/Fgfr1/Cyba/Rgcc/Ednrb/Sparc/Sox9/Ctsl/Thbs4/Zfp36l1/Hes1/Klf9/Tcf7l2/Nr1d1/Fgfr2/Zfp703/Mcc/Tgfb2/Nr4a1",30
"GO:0031589","GO:0031589","cell-substrate adhesion","30/453","333/16051",2.22696195022011e-08,5.30954612341954e-06,3.79138729807557e-06,"Bcl2/Sirpa/Ptpra/Sdc4/Gpm6b/Bcan/Vcam1/Limch1/Ptprz1/Ptn/Ttyh1/Lrp1/Cd63/Sfrp1/Calr/Fam107a/Vcl/Fermt2/Ephb1/Dag1/Cspg5/Atp1b2/Emp2/Ccdc80/Vit/Sorbs1/Rsu1/Itgb5/Pdpn/Dmd",30
"GO:0045444","GO:0045444","fat cell differentiation","24/453","232/16051",4.38738584481946e-08,9.93742893851608e-06,7.09601931638432e-06,"Cebpb/Foxo1/Wwtr1/Klf4/Zfp36/Sfrp1/Fermt2/Rora/Id4/Id2/Zfp36l1/Aldh6a1/Dio2/Ttc8/Hes1/Zfp36l2/Tcf7l2/Nr1d1/Sirt2/Cebpd/Sort1/Rarres2/Ap1s2/Nr4a1",24
"GO:0043491","GO:0043491","protein kinase B signaling","21/453","186/16051",6.89821386371728e-08,1.36416311345216e-05,9.74107876760426e-06,"Lmbrd1/Igfbp5/F3/Klf4/Cavin3/Fgfr1/Fermt2/Sesn3/Dag1/Tmem100/Sox9/Slc9a3r1/Ntrk2/Zfp36l1/Nrxn1/Tcf7l2/Tpbg/Chil1/Sirt2/Phlpp1/Ntrk3",21
"GO:0031099","GO:0031099","regeneration","18/453","139/16051",7.38291469543544e-08,1.36416311345216e-05,9.74107876760426e-06,"Bcl2/Cebpb/Klf4/Tnc/Jun/Hopx/Ptn/Cd9/Rgma/Cd81/Gja1/Lrp1/Neo1/Gfap/Hgf/Ptprf/Ntrk3/Prrx1",18
"GO:0071396","GO:0071396","cellular response to lipid","32/453","393/16051",8.17426947384378e-08,1.4242092583274e-05,1.01698502401303e-05,"Atp1a2/Vim/Sirpa/Cebpb/Ogt/Atp1a1/Abca1/Id3/Epha5/Mgst1/Zfp36/Selenos/Sash1/Sfrp1/Calr/Fam107a/Clu/Rora/Sox9/Ntrk2/Zfp36l1/Mlc1/Crebrf/Zfp36l2/Nr3c1/Rorb/Klf9/Pdcd4/Cry2/Nr1d1/Zfp703/Ddit4",32
"GO:1901214","GO:1901214","regulation of neuron death","30/453","355/16051",9.31942390923815e-08,1.56359223366107e-05,1.11651421727442e-05,"Bcl2/Btg2/Prnp/Chmp4b/Cebpb/Gclm/Jun/Ppt1/Pink1/Ptprz1/Apoe/Lrp1/Mt3/Mt1/Clu/Neo1/Ephb1/Ntrk2/Fos/Nrbp2/Nr3c1/Egln3/Cntfr/Ppp2r2b/Ptprf/Sorl1/Retreg1/Tgfb2/Slc7a11/Ddit4",30
"GO:0016042","GO:0016042","lipid catabolic process","25/453","262/16051",1.12556484620759e-07,1.82100312618585e-05,1.30032359864508e-05,"Acadl/Plcd4/Dbi/Prdx6/Scp2/Ppt1/Naaa/Mgll/Apoe/Crtc3/Smpdl3a/Psap/Lrp1/Mt3/Abhd4/Gm2a/Thra/Acox1/Pla2g7/Acaa2/Plce1/Sirt2/Sorl1/Rarres2/Apoc1",25
"GO:0032870","GO:0032870","cellular response to hormone stimulus","33/453","427/16051",1.73786907654107e-07,2.7146713505969e-05,1.93846521677339e-05,"Lmbrd1/Atp1a2/Ptpra/Gnas/Ogt/Car2/Foxo1/Atp1a1/Epha5/Zfp36/Sfrp1/Slc27a1/Calr/Mt3/Fam107a/Sesn3/Gnai2/Thra/Socs3/Ntrk2/Zfp36l1/Crebrf/Zfp36l2/Nr3c1/Klf9/Sorbs1/Cry2/Nr1d1/Ptprf/Sorl1/Rarres2/Ddit4/Nr4a1",33
"GO:0070372","GO:0070372","regulation of ERK1 and ERK2 cascade","25/453","269/16051",1.87145561593831e-07,2.82589798006685e-05,2.01788880974682e-05,"Sirpa/Notch2/Klf4/Jun/Camk2n1/Apoe/Cavin3/Timp3/Lrp1/Mt3/Fermt2/Ndrg2/Ephb1/Gnai2/Slc9a3r1/Nrxn1/Pdgfrb/Camk2d/Tpbg/Dusp1/Chil1/Phlpp1/Fgfr2/Dmd/Ntsr2",25
"GO:0045598","GO:0045598","regulation of fat cell differentiation","17/453","133/16051",2.06203333039531e-07,3.0132293505454e-05,2.15165651079958e-05,"Cebpb/Foxo1/Wwtr1/Zfp36/Sfrp1/Fermt2/Rora/Id4/Id2/Zfp36l1/Hes1/Zfp36l2/Tcf7l2/Nr1d1/Sirt2/Sort1/Rarres2",17
"GO:0008544","GO:0008544","epidermis development","24/453","255/16051",2.61179654120282e-07,3.69732447864025e-05,2.64014827997246e-05,"Igfbp5/Bcl2/Dbi/Lrp4/Gnas/Klf4/Hes5/Zfp36/Psap/Fgfr1/Tnfrsf19/Myo6/Sox9/Slc9a3r1/Ctsl/Zfp36l1/Trps1/Hes1/Fgfr2/Celsr1/Tgfb2/Tfap2c/Maff/Txnip",24
"GO:0022612","GO:0022612","gland morphogenesis","17/453","137/16051",3.17836559381574e-07,4.31853112282955e-05,3.08373327302317e-05,"Igfbp5/Bcl2/Cebpb/Notch2/Tnc/Ptn/Sfrp1/Fgfr1/Dag1/Sox9/Slc9a3r1/Id4/Nr3c1/Csmd1/Hgf/Fgfr2/Tfap2c",17
"GO:0010959","GO:0010959","regulation of metal ion transport","24/453","258/16051",3.24128163744381e-07,4.31853112282955e-05,3.08373327302317e-05,"Bcl2/Dbi/Atp1b1/Atp1a2/Prnp/S100a1/Gem/Adcyap1r1/Fxyd1/Gja1/Saraf/Gnao1/Cyba/Gnai2/Atp1b2/Hspa2/Tmbim6/Hes1/Pdgfrb/Camk2d/Dmd/Pacsin3/Tgfb2/Usp2",24
"GO:0036376","GO:0036376","sodium ion export across plasma membrane","6/453","12/16051",3.91119671355764e-07,4.87421643277948e-05,3.48053145066372e-05,"Atp1b1/Atp1a2/Atp1a1/Slc4a4/Fxyd1/Atp1b2",6
"GO:0033002","GO:0033002","muscle cell proliferation","22/453","224/16051",3.98114807975366e-07,4.87421643277948e-05,3.48053145066372e-05,"Igfbp5/Kcnk2/S1pr1/Klf4/Jun/Hes5/Gja1/Fgfr1/Cyba/Ndrg2/Ephb1/Gnai2/Id2/Pdgfrb/Pdcd4/Tcf7l2/Camk2d/Adamts1/Fgfr2/Tgfb2/Ctnnbip1/Rgs5",22
"GO:0071456","GO:0071456","cellular response to hypoxia","14/453","95/16051",4.21956231842137e-07,5.01578145324981e-05,3.58161877677162e-05,"Bcl2/Kcnk2/Ogt/Ddah1/Pink1/Rgcc/Rora/Zfp36l1/Tmbim6/Cbs/Acaa2/Egln3/Sirt2/Nfe2l2",14
"GO:0032922","GO:0032922","circadian regulation of gene expression","12/453","69/16051",4.52787110307016e-07,5.12781402422695e-05,3.66161786835121e-05,"Ogt/Id3/Per3/Bhlhe40/Cavin3/Rora/Id4/Id2/Cry2/Nr1d1/Bhlhe41/Usp2",12
"GO:0061351","GO:0061351","neural precursor cell proliferation","19/453","175/16051",5.3623947731447e-07,5.78372579103464e-05,4.12998474633425e-05,"Btg2/Slc16a2/Sox2/Foxo1/Ptprz1/Ptn/Nr2e1/Fgfr1/Rora/Ephb1/Gnai2/Acsl6/Id4/Id2/Kif1a/Sirt2/Rsu1/Fgfr2/Fabp7",19
"GO:0072593","GO:0072593","reactive oxygen species metabolic process","23/453","248/16051",6.02593762592314e-07,6.2039766921436e-05,4.43007328336407e-05,"Bcl2/Prdx6/Sirpa/Ogt/Foxo1/Ddah1/Klf4/Prdx1/Pink1/Aldh2/Selenos/Cyba/Clu/Rora/Gnai2/Acox1/Cbs/Pdgfrb/Clcn3/Sirt2/Nfe2l2/Ddit4/Klf2",23
"GO:0071417","GO:0071417","cellular response to organonitrogen compound","34/453","475/16051",6.74779319082202e-07,6.79277847876083e-05,4.85051894161311e-05,"Lmbrd1/Igfbp5/Vim/Slc1a2/Ptpra/Prnp/Cebpb/Gnas/Ogt/Car2/Foxo1/Vcam1/Gabrb1/Gja1/Lrp1/Sfrp1/Slc27a1/Gnao1/Sesn3/Gnai2/Sox9/Slc9a3r1/Socs3/Ntrk2/Zfp36l1/Slc1a3/Impact/Sorbs1/Sirt2/Ptprf/Sorl1/Col1a2/Rarres2/Nr4a1",34
"GO:0048660","GO:0048660","regulation of smooth muscle cell proliferation","18/453","162/16051",7.58240896358101e-07,7.30815161808978e-05,5.21853140987334e-05,"Igfbp5/S1pr1/Klf4/Jun/Hes5/Gja1/Cyba/Ndrg2/Gnai2/Id2/Pdgfrb/Pdcd4/Tcf7l2/Camk2d/Adamts1/Fgfr2/Ctnnbip1/Rgs5",18
"GO:0002009","GO:0002009","morphogenesis of an epithelium","35/453","500/16051",7.74921319828314e-07,7.31331995587971e-05,5.22222196454476e-05,"Igfbp5/Bcl2/Sdc4/Car2/Sox2/Notch2/Klf4/Tnc/Hes5/Rgma/Gja1/Sfrp1/Fgfr1/Vcl/Fermt2/Pcdh8/Dag1/Fzd2/Sox9/Slc9a3r1/Socs3/Id4/Ctsl/Ttc8/Hes1/Nr3c1/Csmd1/Hgf/Pdpn/Fgfr2/Celsr1/Tgfb2/Ctnnbip1/Rhob/Tfap2c",35
"GO:0070997","GO:0070997","neuron death","30/453","394/16051",8.73458804431707e-07,7.91353676815127e-05,5.65081874951292e-05,"Bcl2/Btg2/Prnp/Chmp4b/Cebpb/Gclm/Jun/Ppt1/Pink1/Ptprz1/Apoe/Lrp1/Mt3/Mt1/Clu/Neo1/Ephb1/Ntrk2/Fos/Nrbp2/Nr3c1/Egln3/Cntfr/Ppp2r2b/Ptprf/Sorl1/Retreg1/Tgfb2/Slc7a11/Ddit4",30
"GO:1902532","GO:1902532","negative regulation of intracellular signal transduction","34/453","481/16051",8.97985392890592e-07,7.97622319567526e-05,5.69558124324621e-05,"Lmbrd1/Bcl2/Sirpa/Prnp/Foxo1/Klf4/Pink1/Camk2n1/Apoe/Selenos/Crtc3/Cavin3/Timp3/Sfrp1/Ndrg2/Clu/Sesn3/Rora/Dag1/Slc9a3r1/Timp2/Cmya5/Tmbim6/Nr1d1/Pik3ip1/Dusp1/Phlpp1/Pttg1ip/Sorl1/Dmd/Tgfb2/Serpine2/Nfe2l2/Ddit4",34
"GO:0070482","GO:0070482","response to oxygen levels","21/453","217/16051",9.32303292510853e-07,8.12179599052724e-05,5.79953040057864e-05,"Bcl2/Atp1b1/Kcnk2/Ogt/Foxo1/Ddah1/Pink1/Rgcc/Rora/Zfp36l1/Tmbim6/Cbs/Acaa2/Camk2d/Egln3/Camk2g/Sirt2/Pdpn/Tgfb2/Nfe2l2/Ddit4",21
"GO:0019216","GO:0019216","regulation of lipid metabolic process","26/453","314/16051",1.000872916245e-06,8.55463077469787e-05,6.10860471026991e-05,"Acadl/Acsl3/Dbi/Ppp2r5a/Mid1ip1/Atp1a1/Scp2/Apoe/Crtc3/Dkk3/Cd81/Psap/Slc27a1/Rora/Thra/Sox9/Id2/Nr3c1/Pdgfrb/Sorbs1/Tcf7l2/Nr1d1/Pik3ip1/Sorl1/Rarres2/Apoc1",26
"GO:0070570","GO:0070570","regulation of neuron projection regeneration","9/453","39/16051",1.0474596850926e-06,8.7870229138324e-05,6.27454895183152e-05,"Klf4/Ptn/Rgma/Lrp1/Neo1/Hgf/Ptprf/Ntrk3/Prrx1",9
"GO:0071276","GO:0071276","cellular response to cadmium ion","7/453","21/16051",1.12367112753215e-06,9.08969679950118e-05,6.49067927613969e-05,"Sox2/Jun/Mt3/Mt2/Mt1/Fos/Gsn",7
"GO:0071407","GO:0071407","cellular response to organic cyclic compound","30/453","405/16051",1.54552744181833e-06,0.000120711022610983,8.61961130436972e-05,"Igfbp5/Atp1a2/Slc1a2/Gnas/Atp1a1/Id3/Gabrb1/Epha5/Zfp36/Sfrp1/Calr/Gnao1/Fam107a/Clu/Rora/Slc9a3r1/Ntrk2/Zfp36l1/Slc1a3/Mlc1/Crebrf/Zfp36l2/Impact/Nr3c1/Klf9/Cry2/Sirt2/Zfp703/Ddit4/Tiparp",30
"GO:0050808","GO:0050808","synapse organization","33/453","472/16051",1.65997661336989e-06,0.000125224157885818,8.94188072924637e-05,"Lrp4/Prnp/Chmp4b/Bcan/Tnc/Epha5/Sparcl1/Ptn/Apoe/Chchd10/Gpm6a/Ndrg2/Pcdh8/Myo6/Ephb1/Dag1/Sparc/Ntrk2/Ctnnd2/Nrxn1/Malat1/Nrxn2/Sorbs1/Ncan/Kif1a/Clstn1/Tpbg/Ptprf/Plxnb1/Fgfr2/Sybu/Ntrk3/Slc7a11",33
"GO:0009069","GO:0009069","serine family amino acid metabolic process","8/453","31/16051",1.6862414196545e-06,0.000125224157885818,8.94188072924637e-05,"Phgdh/Gclm/Psph/Tst/Cbs/Psat1/Gldc/Slc7a11",8
"GO:0046686","GO:0046686","response to cadmium ion","8/453","31/16051",1.6862414196545e-06,0.000125224157885818,8.94188072924637e-05,"Prnp/Sox2/Jun/Mt3/Mt2/Mt1/Fos/Gsn",8
"GO:0010817","GO:0010817","regulation of hormone levels","31/453","430/16051",1.82717583901359e-06,0.000131382643662406,9.3816396880347e-05,"Glul/Gnas/Pcsk1n/Slc16a2/Atp1a1/Scp2/Camk2n1/Epha5/Slco1c1/Dkk3/Gja1/Lrp1/Sfrp1/Fgfr1/Cpe/Glud1/Ctsb/Selenom/Ctsl/Dio2/Gabbr1/Nrxn1/Nr3c1/Tcf7l2/Cry2/Sidt2/Nr1d1/Bmpr1b/Sybu/Tiparp/Rbp1",31
"GO:0010810","GO:0010810","regulation of cell-substrate adhesion","20/453","208/16051",1.87115627788473e-06,0.000132442780294028,9.45734085845355e-05,"Bcl2/Ptpra/Sdc4/Gpm6b/Limch1/Ptprz1/Ptn/Lrp1/Calr/Fam107a/Vcl/Fermt2/Dag1/Cspg5/Emp2/Ccdc80/Vit/Rsu1/Pdpn/Dmd",20
"GO:0006575","GO:0006575","cellular modified amino acid metabolic process","17/453","156/16051",2.01527116407833e-06,0.000138378394627652,9.88118523738296e-05,"Acadl/Slc1a2/Slc16a2/Gstm5/Gstm1/Gclm/Mgst1/Slco1c1/Slc27a1/Ctsb/Gsta4/Ctsl/Dio2/Glo1/Aldh1l1/Slc7a11/Nfe2l2",17
"GO:0030324","GO:0030324","lung development","19/453","193/16051",2.38124417198726e-06,0.000154071631127856,0.000110017920868107,"Igfbp5/Sox2/Tnc/Hopx/Fgfr1/Dag1/Sparc/Thra/Sox9/Hes1/Pdgfrb/Chil1/Pdpn/Fgfr2/Celsr1/Slc7a11/Foxj1/Klf2/Meg3",19
"GO:0006869","GO:0006869","lipid transport","28/453","371/16051",2.41480922959774e-06,0.000154071631127856,0.000110017920868107,"Acsl3/Dbi/Soat1/Kcnj10/Slc1a2/Abca1/Scp2/Slco1c1/Apoe/Gja1/Psap/Lrp1/Slc27a1/Myo6/Selenom/Acsl6/Gm2a/Gfap/Pitpnc1/Ntrk2/Slc1a3/Gabbr1/Nr3c1/Cry2/Abca8a/Scarb2/Slc7a11/Apoc1",28
"GO:0001942","GO:0001942","hair follicle development","13/453","95/16051",2.57952520485371e-06,0.000162295127472046,0.000115890072434436,"Igfbp5/Bcl2/Dbi/Lrp4/Gnas/Tnfrsf19/Sox9/Ctsl/Trps1/Fgfr2/Celsr1/Tgfb2/Tfap2c",13
"GO:0030900","GO:0030900","forebrain development","27/453","352/16051",2.69902596524636e-06,0.000167487501678986,0.000119597790788782,"Dbi/Btg2/Atp1a2/Slc1a2/Sox2/Dclk1/Bcan/Dab1/Hes5/Epha5/Cntnap2/Nr2e1/Fgfr1/Aplp2/Atp1b2/Id4/Ntrk2/Id2/Ttc8/Hes1/Tcf7l2/Kif1a/Fgfr2/Slc7a11/Fezf2/Tfap2c/Fabp7",27
"GO:0009991","GO:0009991","response to extracellular stimulus","25/453","316/16051",3.67159709030896e-06,0.000205729444268844,0.000146905212556793,"Bcl2/Glul/Slc1a2/Pcsk1n/Lamp2/Foxo1/Vcam1/Jun/Sgip1/Apoe/Zfp36/Mt3/Fam107a/Sesn3/Slc38a3/Nim1k/Fos/Cbs/Impact/Tcf7l2/Sirt2/Fads1/Sorl1/Nfe2l2/Rbp1",25
"GO:0022404","GO:0022404","molting cycle process","13/453","98/16051",3.67860595712503e-06,0.000205729444268844,0.000146905212556793,"Igfbp5/Bcl2/Dbi/Lrp4/Gnas/Tnfrsf19/Sox9/Ctsl/Trps1/Fgfr2/Celsr1/Tgfb2/Tfap2c",13
"GO:0022405","GO:0022405","hair cycle process","13/453","98/16051",3.67860595712503e-06,0.000205729444268844,0.000146905212556793,"Igfbp5/Bcl2/Dbi/Lrp4/Gnas/Tnfrsf19/Sox9/Ctsl/Trps1/Fgfr2/Celsr1/Tgfb2/Tfap2c",13
"GO:0030336","GO:0030336","negative regulation of cell migration","22/453","256/16051",3.74762494830146e-06,0.00020703342702202,0.000147836347447117,"Igfbp5/Bcl2/Klf4/Limch1/Ptn/Apoe/Gja1/Lrp1/Cd63/Sfrp1/Calr/Rgcc/Dag1/Atp1b2/Slc9a3r1/Dusp1/Abr/Mcc/Sema6d/Srgap3/Nfe2l2/Rhob",22
"GO:0050804","GO:0050804","modulation of chemical synaptic transmission","33/453","491/16051",3.89146193300265e-06,0.000212389428391591,0.000151660907040167,"Dbi/Glul/Kcnj10/Ptpra/Prnp/Car2/Pink1/Tprgl/Ptn/Mgll/Apoe/Nr2e1/Fam107a/Pcdh8/Myo6/Ephb1/Gnai2/Cspg5/Sqstm1/Gfap/Ntrk2/Slc1a3/Ctnnd2/Gabbr1/Dlgap1/Nrxn1/Nr3c1/Kcnn2/Clstn1/Sybu/Abr/Slc7a11/Serpine2",33
"GO:0043523","GO:0043523","regulation of neuron apoptotic process","22/453","257/16051",3.99323141700472e-06,0.000214058865547753,0.000152853001935226,"Bcl2/Btg2/Prnp/Cebpb/Gclm/Jun/Ppt1/Pink1/Ptprz1/Apoe/Lrp1/Mt3/Mt1/Ntrk2/Nrbp2/Nr3c1/Egln3/Cntfr/Ppp2r2b/Ptprf/Retreg1/Tgfb2",22
"GO:0007178","GO:0007178","transmembrane receptor protein serine/threonine kinase signaling pathway","25/453","319/16051",4.34093967633748e-06,0.000223459735611463,0.000159565880686424,"Vim/Wwtr1/Notch2/Jun/Hes5/Rgma/Htra1/Sfrp1/Fermt2/Neo1/Sptbn1/Tmem100/Fos/Trps1/Hes1/Pdcd4/Tcf7l2/Itgb5/Bmpr1b/Tob1/Sorl1/Col1a2/Zfp703/Tgfb2/Meg3",25
"GO:1905475","GO:1905475","regulation of protein localization to membrane","18/453","183/16051",4.43486182562248e-06,0.000224699415973392,0.000160451099171891,"Acsl3/Ppp2r5a/Lrp4/Prnp/Ogt/Tmem59/Ptn/Cd81/Lrp1/Dag1/Sptbn1/Sqstm1/Nrxn1/Sorbs1/Camk2d/Camk2g/Gsn/Slc7a11",18
"GO:0042552","GO:0042552","myelination","16/453","148/16051",4.46422680741839e-06,0.000224699415973392,0.000160451099171891,"Kcnj10/Degs1/Hes5/Ptprz1/Ptn/Cd9/Psap/Clu/Dag1/Id4/Ntrk2/Qk/Tcf7l2/Hgf/Sirt2/Ntrk3",16
"GO:0009636","GO:0009636","response to toxic substance","13/453","101/16051",5.17371489389865e-06,0.000253531876953913,0.000181039492942808,"Bcl2/Prdx6/Gstm5/Prdx1/Pink1/Gabrb1/Aldh2/Pon2/Mt3/Mt2/Mt1/Slc7a11/Nfe2l2",13
"GO:0001525","GO:0001525","angiogenesis","32/453","475/16051",5.2079305869946e-06,0.000253531876953913,0.000181039492942808,"Glul/S100a1/Notch2/S1pr1/F3/Ddah1/Klf4/Jun/Ptn/Mfge8/Sash1/Nr2e1/Btg1/Fgfr1/Rgcc/Rora/Ephb1/Sparc/Tmem100/Emp2/Nrxn1/Pdgfrb/Hgf/Chil1/Adamts1/Fgfr2/Tspan12/Tgfb2/Nfe2l2/Rhob/Nr4a1/Klf2",32
"GO:0046394","GO:0046394","carboxylic acid biosynthetic process","20/453","225/16051",6.23296679986817e-06,0.000285205450539422,0.000203656639829823,"Acadl/Acsl3/Glul/Degs1/Mid1ip1/Phgdh/Psph/Mgll/Ldhb/Glud1/Acsbg1/Slc1a3/Qk/Cbs/Psat1/Scd2/Nr1d1/Fads1/Acss1/Rbp1",20
"GO:0050803","GO:0050803","regulation of synapse structure or activity","22/453","265/16051",6.55113490041158e-06,0.000296766410988645,0.000211911974199629,"Lrp4/Prnp/Chmp4b/Sparcl1/Ptn/Apoe/Gpm6a/Pcdh8/Ephb1/Dag1/Sparc/Ntrk2/Nrxn1/Malat1/Ncan/Kif1a/Clstn1/Tpbg/Ptprf/Sybu/Ntrk3/Slc7a11",22
"GO:0001837","GO:0001837","epithelial to mesenchymal transition","15/453","137/16051",7.57860727169349e-06,0.000330106643661265,0.000235719232246094,"Wwtr1/Gja1/Sfrp1/Fgfr1/Fermt2/Rgcc/Dag1/Tmem100/Sox9/Pdcd4/Tcf7l2/Pdpn/Fgfr2/Zfp703/Tgfb2",15
"GO:0009612","GO:0009612","response to mechanical stimulus","15/453","138/16051",8.28686350440735e-06,0.000347587885879308,0.000248202061881518,"Atp1a2/Sox2/Atp1a1/Jun/Ptn/Cntnap2/Dag1/Sox9/Fos/Slc1a3/Nrxn1/Nrxn2/Dmd/Gsn/Serpine2",15
"GO:0055067","GO:0055067","monovalent inorganic cation homeostasis","15/453","139/16051",9.05338864097256e-06,0.00037283500494187,0.000266230270753193,"Bcl2/Atp1b1/Atp1a2/Kcnj10/Gnas/Car2/Atp1a1/Ppt1/Slc4a4/Ednrb/Gnai2/Atp1b2/Slc1a3/Camk2d/Tmem106b",15
"GO:0071496","GO:0071496","cellular response to external stimulus","20/453","231/16051",9.24192242226481e-06,0.000374014771393643,0.000267072706516246,"Bcl2/Glul/Atp1a2/Slc1a2/Lamp2/Foxo1/Atp1a1/Vcam1/Jun/Fam107a/Sesn3/Slc38a3/Dag1/Sox9/Nim1k/Fos/Impact/Tcf7l2/Fads1/Nfe2l2",20
"GO:0140115","GO:0140115","export across plasma membrane","9/453","50/16051",9.40358570357762e-06,0.000376975603869085,0.000269186947993424,"Atp1b1/Atp1a2/Atp1a1/Abca1/Slc4a4/Fxyd1/Gja1/Slc27a1/Atp1b2",9
"GO:0051961","GO:0051961","negative regulation of nervous system development","16/453","157/16051",9.56770480634023e-06,0.000378962472952893,0.000270605711486985,"Lrp4/Dab1/Hes5/Ptn/Rgma/Nr2e1/Mt3/Id4/Id2/Hes1/Daam2/Nr1d1/Sirt2/Sorl1/Ntrk3/Sema6d",16
"GO:0006979","GO:0006979","response to oxidative stress","27/453","378/16051",1.00859702029417e-05,0.000387198686604456,0.000276486944100266,"Bcl2/Prdx6/Sirpa/Prnp/Cst3/Foxo1/Gclm/Jun/Prdx1/Pink1/Aldh2/Mgst1/Apoe/Selenos/Psap/Mt3/Sesn3/Fos/Impact/Pdgfrb/Camk2g/Hgf/Sirt2/Slc7a11/Nfe2l2/Rhob/Txnip",27
"GO:0048511","GO:0048511","rhythmic process","22/453","273/16051",1.05164271719458e-05,0.000396995125740956,0.000283482286836751,"Ogt/Id3/Per3/Ptn/Bhlhe40/Dbp/Cavin3/Rora/Id4/Ntrk2/Id2/Rorb/Klf9/Cry2/Nr1d1/Phlpp1/Bmpr1b/Adamts1/Bhlhe41/Tef/Ntrk3/Usp2",22
"GO:0032787","GO:0032787","monocarboxylic acid metabolic process","31/453","470/16051",1.11660293134788e-05,0.000410398825056941,0.000293053465644238,"Acadl/Acsl3/Dbi/Degs1/Mid1ip1/Ogt/Phgdh/Scp2/Slc4a4/Naaa/Mgll/Ldhb/Aldoa/Slc27a1/Acsbg1/Acsl6/Aldoc/Sox9/Acox1/Slc1a3/Qk/Glo1/Acaa2/Cyb5a/Scd2/Nr1d1/Fads1/Acss1/Pdpn/Ddit4/Rbp1",31
"GO:0051384","GO:0051384","response to glucocorticoid","10/453","64/16051",1.12338751229715e-05,0.000410398825056941,0.000293053465644238,"Bcl2/Zfp36/Fam107a/Acsbg1/Zfp36l1/Crebrf/Zfp36l2/Nr3c1/Klf9/Ddit4",10
"GO:0003014","GO:0003014","renal system process","12/453","93/16051",1.16035745689952e-05,0.000420513542380386,0.000300276081267556,"Bcl2/Gnas/Gja1/Psap/Cyba/Ednrb/Gnai2/Slc9a3r1/Emp2/Slc15a2/Aqp4/Gsn",12
"GO:0030007","GO:0030007","cellular potassium ion homeostasis","5/453","12/16051",1.17740979211075e-05,0.000423306853830292,0.000302270701015566,"Atp1b1/Atp1a2/Atp1a1/Atp1b2/Camk2d",5
"GO:0050807","GO:0050807","regulation of synapse organization","21/453","255/16051",1.19909719417045e-05,0.00042770947162143,0.000305414478051041,"Lrp4/Prnp/Chmp4b/Sparcl1/Ptn/Apoe/Gpm6a/Pcdh8/Ephb1/Dag1/Sparc/Ntrk2/Nrxn1/Malat1/Ncan/Kif1a/Clstn1/Tpbg/Ptprf/Ntrk3/Slc7a11",21
"GO:0098657","GO:0098657","import into cell","20/453","236/16051",1.26893073055631e-05,0.000449082516360945,0.00032067632689141,"Acsl3/Atp1b1/Atp1a2/Kcnj10/Slc1a2/Prnp/Slc16a2/Gpm6b/Atp1a1/Eps15/Slc27a1/Myo6/Acsl6/Atp1b2/Gfap/Slc1a3/Slc15a2/Sirt2/Slc6a11/Slc7a11",20
"GO:0006112","GO:0006112","energy reserve metabolic process","11/453","79/16051",1.28513195983297e-05,0.000451290525429718,0.000322252999801446,"Pygb/Gnas/Phkg1/Mt3/Ugp2/Ppp1r1a/Ppp1r3c/Sorbs1/Tcf7l2/Nr1d1/Il6st",11
"GO:0006865","GO:0006865","amino acid transport","15/453","145/16051",1.51243087247227e-05,0.000515136229496193,0.000367843298069432,"Kcnj10/Slc1a2/Slc16a2/Sfxn5/Slc7a10/Gja1/Myo6/Slc38a3/Gfap/Slc9a3r1/Ntrk2/Slc1a3/Gabbr1/Nr3c1/Slc7a11",15
"GO:0060541","GO:0060541","respiratory system development","19/453","220/16051",1.59779593113012e-05,0.000540150415523838,0.000385705176462125,"Igfbp5/Sox2/Tnc/Hopx/Fgfr1/Dag1/Sparc/Thra/Sox9/Hes1/Pdgfrb/Chil1/Pdpn/Fgfr2/Celsr1/Slc7a11/Foxj1/Klf2/Meg3",19
"GO:0016055","GO:0016055","Wnt signaling pathway","27/453","389/16051",1.6884698108732e-05,0.000547926921940084,0.000391258145956054,"Lrp4/Sox2/Foxo1/Wwtr1/Klf4/Plpp3/Apoe/Dkk3/Lrp1/Sfrp1/Cpe/Fermt2/Ndrg2/Thra/Fzd2/Sox9/Slc9a3r1/Ctnnd2/Daam2/Tcf7l2/Gprc5b/Klf15/Fgfr2/Zfp703/Celsr1/Mcc/Ctnnbip1",27
"GO:0198738","GO:0198738","cell-cell signaling by wnt","27/453","391/16051",1.8496278416386e-05,0.000583893305986041,0.000416940659764169,"Lrp4/Sox2/Foxo1/Wwtr1/Klf4/Plpp3/Apoe/Dkk3/Lrp1/Sfrp1/Cpe/Fermt2/Ndrg2/Thra/Fzd2/Sox9/Slc9a3r1/Ctnnd2/Daam2/Tcf7l2/Gprc5b/Klf15/Fgfr2/Zfp703/Celsr1/Mcc/Ctnnbip1",27
"GO:0070841","GO:0070841","inclusion body assembly","6/453","21/16051",1.84981428722849e-05,0.000583893305986041,0.000416940659764169,"Apoe/Psap/Clu/Hspa2/Dlgap1/Sorl1",6
"GO:0097201","GO:0097201","negative regulation of transcription from RNA polymerase II promoter in response to stress","5/453","13/16051",1.86897415823346e-05,0.000583893305986041,0.000416940659764169,"Jun/Tmbim6/Impact/Sirt2/Ppp1r15a",5
"GO:0048839","GO:0048839","inner ear development","17/453","185/16051",2.00065624108907e-05,0.000601513609578658,0.000429522788947418,"Sdc4/Sox2/Hes5/Psap/Fgfr1/Myo6/Fzd2/Sox9/Slc9a3r1/Ttc8/Hes1/Cebpd/Fgfr2/Prrx1/Abr/Celsr1/Tgfb2",17
"GO:2000377","GO:2000377","regulation of reactive oxygen species metabolic process","17/453","185/16051",2.00065624108907e-05,0.000601513609578658,0.000429522788947418,"Bcl2/Sirpa/Ogt/Foxo1/Ddah1/Klf4/Pink1/Aldh2/Selenos/Cyba/Clu/Gnai2/Pdgfrb/Clcn3/Sirt2/Nfe2l2/Klf2",17
"GO:0030856","GO:0030856","regulation of epithelial cell differentiation","14/453","131/16051",2.00504536526219e-05,0.000601513609578658,0.000429522788947418,"Cebpb/Sox2/Wwtr1/Hes5/Zfp36/Btg1/Vcl/Tmem100/Sox9/Zfp36l1/Hes1/Tgfb2/Foxj1/Maff",14
"GO:1903793","GO:1903793","positive regulation of anion transport","30/453","462/16051",2.08519857487567e-05,0.000621444048959657,0.000443754516661561,"Acsl3/Dbi/Glul/Slc1a2/Prnp/Cebpb/Car2/Abca1/Scp2/Pink1/Camk2n1/Apoe/Fxyd1/Cd81/Gja1/Lrp1/Cyba/Glud1/Slc38a3/Acsl6/Crebrf/Gabbr1/Nr3c1/Sorbs1/Tcf7l2/Klf15/Sorl1/Sybu/Tgfb2/Nfe2l2",30
"GO:0051402","GO:0051402","neuron apoptotic process","22/453","286/16051",2.17373074653693e-05,0.000624200274460117,0.000445722654447761,"Bcl2/Btg2/Prnp/Cebpb/Gclm/Jun/Ppt1/Pink1/Ptprz1/Apoe/Lrp1/Mt3/Mt1/Ntrk2/Nrbp2/Nr3c1/Egln3/Cntfr/Ppp2r2b/Ptprf/Retreg1/Tgfb2",22
"GO:0010876","GO:0010876","lipid localization","28/453","418/16051",2.25531393177176e-05,0.00064255170508969,0.000458826859472666,"Acsl3/Dbi/Soat1/Kcnj10/Slc1a2/Abca1/Scp2/Slco1c1/Apoe/Gja1/Psap/Lrp1/Slc27a1/Myo6/Selenom/Acsl6/Gm2a/Gfap/Pitpnc1/Ntrk2/Slc1a3/Gabbr1/Nr3c1/Cry2/Abca8a/Scarb2/Slc7a11/Apoc1",28
"GO:0010721","GO:0010721","negative regulation of cell development","17/453","187/16051",2.30022178737004e-05,0.000647923051868737,0.000462662376761387,"Lrp4/Dab1/Hes5/Ptn/Rgma/Nr2e1/Mt3/Ednrb/Id4/Id2/Hes1/Daam2/Nr1d1/Sirt2/Sorl1/Ntrk3/Sema6d",17
"GO:0034329","GO:0034329","cell junction assembly","27/453","398/16051",2.52983453009058e-05,0.000694554570988506,0.000495960542964489,"Dst/Bcl2/Lrp4/Ptpra/Sdc4/Gpm6b/Limch1/Cd9/Gja1/Lrp1/Gpm6a/Fam107a/Vcl/Fermt2/Cldn10/Myo6/Ephb1/Ntrk2/Ctnnd2/Nrxn1/Nrxn2/Sorbs1/Clstn1/Tpbg/Plxnb1/Ntrk3/Zfp703",27
"GO:0015849","GO:0015849","organic acid transport","21/453","270/16051",2.83122898966987e-05,0.000765784851287023,0.000546823945162082,"Acsl3/Kcnj10/Slc1a2/Slc16a2/Sfxn5/Slco1c1/Apoe/Fxyd1/Slc7a10/Gja1/Slc27a1/Myo6/Slc38a3/Acsl6/Gfap/Slc9a3r1/Ntrk2/Slc1a3/Gabbr1/Nr3c1/Slc7a11",21
"GO:0006749","GO:0006749","glutathione metabolic process","9/453","57/16051",2.83509392835436e-05,0.000765784851287023,0.000546823945162082,"Slc1a2/Gstm5/Gstm1/Gclm/Mgst1/Gsta4/Glo1/Slc7a11/Nfe2l2",9
"GO:0006590","GO:0006590","thyroid hormone generation","5/453","14/16051",2.83999679947505e-05,0.000765784851287023,0.000546823945162082,"Slc16a2/Slco1c1/Ctsb/Ctsl/Dio2",5
"GO:0014910","GO:0014910","regulation of smooth muscle cell migration","11/453","86/16051",2.91417514195227e-05,0.000781136887162355,0.000557786372545583,"Igfbp5/Bcl2/F3/Lrp1/Pdgfrb/Camk2d/Il6st/Adamts1/Sorl1/Sema6d/Nfe2l2",11
"GO:0050890","GO:0050890","cognition","23/453","313/16051",2.93607263287247e-05,0.000782377001583076,0.000558671900979387,"Dbi/Btg2/Atp1a2/Prnp/Gnas/Syt11/Jun/Ppt1/Ptprz1/Ptn/Cntnap2/Apoe/Fam107a/Gm2a/Thra/Ntrk2/Ctnnd2/Nrxn1/Nrxn2/Csmd1/Tpbg/Slc7a11/Ap1s2",23
"GO:1901615","GO:1901615","organic hydroxy compound metabolic process","28/453","425/16051",3.03849642998045e-05,0.000804935019170259,0.00057477990331363,"Acadl/Bcl2/Soat1/Slc16a2/Abca1/Plpp3/Scp2/Naaa/Adcyap1r1/Slco1c1/Ldhb/Apoe/Dkk3/Lrp1/Fgfr1/Mt3/Abhd4/Ctsb/Aplp2/Ctsl/Dio2/Glo1/Nr1d1/Hmgcs2/Tgfb2/Slc7a11/Apoc1/Rbp1",28
"GO:0098739","GO:0098739","import across plasma membrane","15/453","155/16051",3.34377356435439e-05,0.000860641718552579,0.000614558382970158,"Atp1b1/Atp1a2/Kcnj10/Slc1a2/Prnp/Slc16a2/Atp1a1/Slc27a1/Acsl6/Atp1b2/Gfap/Slc9a3r1/Slc1a3/Slc15a2/Slc7a11",15
"GO:0071709","GO:0071709","membrane assembly","7/453","34/16051",3.78329256013514e-05,0.000957447781978335,0.000683684683169379,"Lrp4/Syt11/Psap/Sptbn1/Emp2/Nrxn1/Nrxn2",7
"GO:1903018","GO:1903018","regulation of glycoprotein metabolic process","8/453","46/16051",3.84767043437191e-05,0.000962980500978163,0.000687635431510607,"Itm2c/Bcl2/Soat1/Cst3/Tmem59/Mt3/Itm2b/Tcf7l2",8
"GO:1902043","GO:1902043","positive regulation of extrinsic apoptotic signaling pathway via death domain receptors","5/453","15/16051",4.16145222979502e-05,0.00101899343789035,0.000727632586182651,"Pea15a/Timp3/Sfrp1/Trps1/Bmpr1b",5
"GO:0040013","GO:0040013","negative regulation of locomotion","22/453","301/16051",4.72891375251163e-05,0.00113343805814168,0.00080935404965014,"Igfbp5/Bcl2/Klf4/Limch1/Ptn/Apoe/Gja1/Lrp1/Cd63/Sfrp1/Calr/Rgcc/Dag1/Atp1b2/Slc9a3r1/Dusp1/Abr/Mcc/Sema6d/Srgap3/Nfe2l2/Rhob",22
"GO:0014812","GO:0014812","muscle cell migration","12/453","107/16051",4.83654905813868e-05,0.00114229707902301,0.000815680010186521,"Igfbp5/Bcl2/F3/Lrp1/Thbs4/Pdgfrb/Camk2d/Il6st/Adamts1/Sorl1/Sema6d/Nfe2l2",12
"GO:0030509","GO:0030509","BMP signaling pathway","14/453","142/16051",4.95515679113334e-05,0.00116004409345682,0.000828352619772934,"Notch2/Hes5/Rgma/Htra1/Sfrp1/Neo1/Tmem100/Hes1/Pdcd4/Tcf7l2/Bmpr1b/Tob1/Sorl1/Tgfb2",14
"GO:0021953","GO:0021953","central nervous system neuron differentiation","17/453","200/16051",5.42120087887591e-05,0.00125296122353612,0.000894701949558844,"Btg2/Sox2/Dclk1/Hes5/Nr2e1/Psap/Sfrp1/Fgfr1/Rora/Ephb1/Id4/Ntrk2/Hes1/Nrxn1/Fgfr2/Fezf2/Tfap2c",17
"GO:0010632","GO:0010632","regulation of epithelial cell migration","18/453","221/16051",5.77171462144455e-05,0.00131106039391661,0.000936188820844831,"Glul/Klf4/Jun/Plpp3/Apoe/Sash1/Nr2e1/Cd63/Fgfr1/Calr/Rgcc/Sparc/Sox9/Emp2/Mcc/Tgfb2/Nfe2l2/Rhob",18
"GO:1903034","GO:1903034","regulation of response to wounding","14/453","144/16051",5.78090741308046e-05,0.00131106039391661,0.000936188820844831,"Klf4/Plpp3/Ptn/Cd9/Apoe/Rgma/Gja1/Lrp1/Fermt2/Neo1/Ptprf/Ntrk3/Serpine2/Nfe2l2",14
"GO:0021700","GO:0021700","developmental maturation","21/453","285/16051",6.23379410964259e-05,0.00137082948139228,0.000978868129735906,"Bcl2/Bcan/S1pr1/Hes5/Cntnap2/Gja1/Cd63/Fgfr1/Ednrb/Dag1/Ctsl/Id2/Hes1/Nrxn1/Clstn1/Clcn3/Sirt2/Plxnb1/Sybu/Tgfb2/Klf2",21
"GO:0033500","GO:0033500","carbohydrate homeostasis","18/453","225/16051",7.28290455078159e-05,0.00156358092962278,0.00111650614540044,"Igfbp5/Ogt/Foxo1/Vcam1/Camk2n1/Epha5/Lrp1/Sesn3/Nrxn1/Aqp4/Tcf7l2/Cry2/Sidt2/Csmd1/Nr1d1/Gprc5b/Klf15/Sybu",18
"GO:0042593","GO:0042593","glucose homeostasis","18/453","225/16051",7.28290455078159e-05,0.00156358092962278,0.00111650614540044,"Igfbp5/Ogt/Foxo1/Vcam1/Camk2n1/Epha5/Lrp1/Sesn3/Nrxn1/Aqp4/Tcf7l2/Cry2/Sidt2/Csmd1/Nr1d1/Gprc5b/Klf15/Sybu",18
"GO:1901652","GO:1901652","response to peptide","24/453","356/16051",7.82476549006633e-05,0.00166414026619721,0.00118831254514326,"Lmbrd1/Vim/Ptpra/Prnp/Ogt/Car2/Foxo1/Vcam1/Gja1/Lrp1/Slc27a1/Ednrb/Sesn3/Gnai2/Socs3/Zfp36l1/Sorbs1/Cry2/Klf15/Ptprf/Sort1/Sorl1/Rarres2/Nr4a1",24
"GO:0030001","GO:0030001","metal ion transport","28/453","449/16051",7.95255111332889e-05,0.00167558402527348,0.00119648418953536,"Bcl2/Dbi/Atp1b1/Atp1a2/Prnp/S100a1/Atp1a1/Gem/Slc4a4/Adcyap1r1/Fxyd1/Gja1/Saraf/Gnao1/Mt3/Cyba/Gnai2/Atp1b2/Hspa2/Tmbim6/Hes1/Pdgfrb/Camk2d/Camk2g/Dmd/Pacsin3/Tgfb2/Usp2",28
"GO:0098656","GO:0098656","anion transmembrane transport","25/453","380/16051",8.24779606673013e-05,0.00172974611955035,0.00123515971311217,"Lmbrd1/Pea15a/Kcnj10/Slc1a2/Prnp/Slc16a2/Car2/Sec62/Abca1/Gabrb1/Fxyd1/Slc7a10/Slc27a1/Slc38a3/Acsl6/Gfap/Slc1a3/Tst/Slc15a2/Sorbs1/Clcn3/Klf15/Sort1/Slc7a11/Nfe2l2",25
"GO:0032970","GO:0032970","regulation of actin filament-based process","25/453","382/16051",8.96614896609561e-05,0.00184075897320874,0.00131443065520401,"Atp1a2/Sdc4/Gpm6b/Notch2/Atp1a1/S1pr1/Limch1/Epha5/Fxyd1/Lrp1/Fam107a/Fermt2/Rgcc/Sptbn1/Pdlim4/Ctsl/Ttc8/Pdgfrb/Add3/Pdpn/Ntrk3/Celsr1/Gsn/Tgfb2/Rhob",25
"GO:0071772","GO:0071772","response to BMP","14/453","150/16051",9.02093801440045e-05,0.00184075897320874,0.00131443065520401,"Notch2/Hes5/Rgma/Htra1/Sfrp1/Neo1/Tmem100/Hes1/Pdcd4/Tcf7l2/Bmpr1b/Tob1/Sorl1/Tgfb2",14
"GO:0010720","GO:0010720","positive regulation of cell development","23/453","338/16051",9.55781461781687e-05,0.00193289733119243,0.00138022388724395,"Bcl2/Vim/Ptpra/Sox2/Ptprz1/Ptn/Apoe/Lrp1/Calr/Fermt2/Dag1/Cspg5/Gfap/Ntrk2/Id2/Hes1/Qk/Sirt2/Il6st/Ptprf/Plxnb1/Ntrk3/Serpine2",23
"GO:0060537","GO:0060537","muscle tissue development","26/453","408/16051",0.000100550671924724,0.00200658389347578,0.00143284124657861,"Igfbp5/Bcl2/Btg2/Kcnk2/S1pr1/Plagl1/Gja1/Fgfr1/Ephb1/Sox9/Id2/Fos/Nr3c1/Pdgfrb/Tcf7l2/Camk2d/Sirt2/Csrp1/Fgfr2/Dmd/Tgfb2/Usp2/Tiparp/Nr4a1/Maff/Meg3",26
"GO:0006790","GO:0006790","sulfur compound metabolic process","19/453","253/16051",0.000107734067967257,0.00212947590378285,0.00152059473738229,"Acsl3/Slc1a2/Phgdh/Gstm5/Gstm1/Gclm/Scp2/Mgst1/Gsta4/Chst2/Acsl6/Tst/Glo1/Cbs/Acaa2/Hmgcs2/Acss1/Slc7a11/Nfe2l2",19
"GO:0007626","GO:0007626","locomotory behavior","18/453","232/16051",0.000107822978548698,0.00212947590378285,0.00152059473738229,"Prex2/Atp1a2/Kcnj10/Dab1/Ppt1/Apoe/Psap/Gnao1/Aplp2/Myo6/Id2/Selenop/Lsamp/Clcn3/Gprc5b/Celsr1/Fezf2/Usp2",18
"GO:0150115","GO:0150115","cell-substrate junction organization","11/453","99/16051",0.000108119085622529,0.00212947590378285,0.00152059473738229,"Dst/Bcl2/Ptpra/Sdc4/Gpm6b/Limch1/Lrp1/Fam107a/Vcl/Fermt2/Sorbs1",11
"GO:0035019","GO:0035019","somatic stem cell population maintenance","8/453","53/16051",0.000109970557213681,0.00215208664747572,0.00153674038984382,"Sox2/Nr2e1/Sfrp1/Sox9/Hes1/Zfp36l2/Tcf7l2/Tfap2c",8
"GO:0010232","GO:0010232","vascular transport","5/453","18/16051",0.00011069231542204,0.00215208664747572,0.00153674038984382,"Slc16a2/Apoe/Gja1/Lrp1/Slc27a1",5
"GO:0003149","GO:0003149","membranous septum morphogenesis","4/453","10/16051",0.000114853353869224,0.0022139816724578,0.00158093776680907,"Fzd2/Id2/Fgfr2/Tgfb2",4
"GO:0042493","GO:0042493","response to drug","16/453","193/16051",0.000119878248300259,0.00229134373333407,0.00163617968921473,"Bcl2/Slc1a2/Prnp/Gnas/Atp1a1/Gstm1/Gclm/Jun/Mgst1/Sfrp1/Myo6/Fos/Slc1a3/Add3/Tgfb2/Nfe2l2",16
"GO:0043010","GO:0043010","camera-type eye development","22/453","322/16051",0.000127398335520508,0.00241470485317114,0.00172426815703379,"Vim/Fjx1/Sox2/Notch2/Klf4/Jun/Hes5/Ptn/Nr2e1/Gja1/Gpm6a/Ephb1/Sox9/Ntrk2/Ttc8/Pdgfrb/Rorb/Bmpr1b/Fgfr2/Ntrk3/Tspan12/Tgfb2",22
"GO:0044091","GO:0044091","membrane biogenesis","7/453","41/16051",0.000133330326541541,0.00250314953413088,0.00178742384533152,"Lrp4/Syt11/Psap/Sptbn1/Emp2/Nrxn1/Nrxn2",7
"GO:0060441","GO:0060441","epithelial tube branching involved in lung morphogenesis","6/453","29/16051",0.000133692620179367,0.00250314953413088,0.00178742384533152,"Sox2/Tnc/Dag1/Sox9/Fgfr2/Celsr1",6
"GO:0034599","GO:0034599","cellular response to oxidative stress","19/453","258/16051",0.000139215273878574,0.00259524769823021,0.00185318837612674,"Bcl2/Sirpa/Foxo1/Jun/Prdx1/Pink1/Aldh2/Mgst1/Selenos/Psap/Mt3/Fos/Impact/Pdgfrb/Hgf/Sirt2/Slc7a11/Nfe2l2/Rhob",19
"GO:0007039","GO:0007039","protein catabolic process in the vacuole","5/453","19/16051",0.000146759529392342,0.00271355374754004,0.0019376671700222,"Lamp2/Cd81/Psap/Lrp1/Tmem106b",5
"GO:1902430","GO:1902430","negative regulation of amyloid-beta formation","5/453","19/16051",0.000146759529392342,0.00271355374754004,0.0019376671700222,"Prnp/Apoe/Clu/Ntrk2/Sorl1",5
"GO:0010464","GO:0010464","regulation of mesenchymal cell proliferation","7/453","42/16051",0.000156153864232918,0.00284920314499312,0.00203453032753895,"Ptn/Fgfr1/Sox9/Arhgap5/Fgfr2/Prrx1/Ctnnbip1",7
"GO:0009649","GO:0009649","entrainment of circadian clock","6/453","30/16051",0.000163169509876409,0.00293316618944496,0.00209448581391063,"Per3/Bhlhe40/Id2/Cry2/Phlpp1/Usp2",6
"GO:0046626","GO:0046626","regulation of insulin receptor signaling pathway","9/453","71/16051",0.000165612431074225,0.0029467256844939,0.00210416824176827,"Lmbrd1/Ogt/Sesn3/Gnai2/Socs3/Sorbs1/Ptprf/Sorl1/Rarres2",9
"GO:0051962","GO:0051962","positive regulation of nervous system development","22/453","328/16051",0.000165928116878682,0.0029467256844939,0.00210416824176827,"Vim/Ptpra/Sox2/Ptprz1/Ptn/Apoe/Lrp1/Ephb1/Dag1/Gfap/Ntrk2/Id2/Hes1/Qk/Nrxn1/Clstn1/Tpbg/Il6st/Ptprf/Plxnb1/Ntrk3/Serpine2",22
"GO:0001570","GO:0001570","vasculogenesis","10/453","87/16051",0.000166525778196565,0.0029467256844939,0.00210416824176827,"Fgfr1/Junb/Tmem100/Ntrk2/Zfp36l1/Emp2/Qk/Pdgfrb/Fgfr2/Tiparp",10
"GO:2000177","GO:2000177","regulation of neural precursor cell proliferation","11/453","104/16051",0.00016865184353212,0.00297273482957394,0.00212274059051487,"Btg2/Slc16a2/Sox2/Foxo1/Ptprz1/Ptn/Nr2e1/Gnai2/Id2/Sirt2/Rsu1",11
"GO:0051346","GO:0051346","negative regulation of hydrolase activity","21/453","306/16051",0.000169731450011123,0.00298016848275344,0.00212804873881755,"Mgat5/Cst3/Pcsk1n/Cnn3/Klf4/Timp3/Gnai2/Timp2/Cmya5/Ttc8/Tmbim6/Cry2/Hgf/Ppp1r15a/Sort1/Sorl1/Tgfb2/Serpine2/Apoc1/Nr4a1/Lxn",21
"GO:0006091","GO:0006091","generation of precursor metabolites and energy","23/453","352/16051",0.0001743262486801,0.00304902666610368,0.00217721829788233,"Pygb/Gnas/Ogt/Pink1/Slc4a4/Phkg1/Cavin3/Aldoa/Chchd10/Mt3/Ugp2/Aldoc/Acox1/Slc1a3/Ppp1r1a/Ppp1r3c/Sorbs1/Tcf7l2/Nr1d1/Il6st/Coq10b/Hmgcs2/Ddit4",23
"GO:0033689","GO:0033689","negative regulation of osteoblast proliferation","4/453","11/16051",0.000176466018756183,0.00305111093498286,0.00217870661164223,"Bcl2/Atraid/Sfrp1/Plxnb1",4
"GO:0031668","GO:0031668","cellular response to extracellular stimulus","16/453","200/16051",0.000181211121824785,0.00309429743124739,0.00220954479057122,"Bcl2/Glul/Slc1a2/Lamp2/Foxo1/Vcam1/Jun/Fam107a/Sesn3/Slc38a3/Nim1k/Fos/Impact/Tcf7l2/Fads1/Nfe2l2",16
"GO:0032715","GO:0032715","negative regulation of interleukin-6 production","7/453","43/16051",0.000182039501683063,0.00309429743124739,0.00220954479057122,"Sirpa/Syt11/Selenos/Aqp4/Hgf/Foxj1/Klf2",7
"GO:0005977","GO:0005977","glycogen metabolic process","9/453","72/16051",0.000184625849736841,0.00309429743124739,0.00220954479057122,"Pygb/Phkg1/Ugp2/Ppp1r1a/Ppp1r3c/Sorbs1/Tcf7l2/Nr1d1/Il6st",9
"GO:0006073","GO:0006073","cellular glucan metabolic process","9/453","72/16051",0.000184625849736841,0.00309429743124739,0.00220954479057122,"Pygb/Phkg1/Ugp2/Ppp1r1a/Ppp1r3c/Sorbs1/Tcf7l2/Nr1d1/Il6st",9
"GO:0044042","GO:0044042","glucan metabolic process","9/453","72/16051",0.000184625849736841,0.00309429743124739,0.00220954479057122,"Pygb/Phkg1/Ugp2/Ppp1r1a/Ppp1r3c/Sorbs1/Tcf7l2/Nr1d1/Il6st",9
"GO:0010563","GO:0010563","negative regulation of phosphorus metabolic process","28/453","474/16051",0.000197955346272877,0.00326086443133139,0.00232848527883847,"Mgat5/Ppp2r5a/Sirpa/Prnp/Ogt/Wwtr1/Jun/Plpp3/Camk2n1/Apoe/Sfrp1/Slc27a1/Gnai2/Socs3/Cmya5/Impact/Cry2/Hgf/Pik3ip1/Dusp1/Sirt2/Ppp1r15a/Sorl1/Dmd/Ntrk3/Tgfb2/Ddit4/Gadd45g",28
"GO:0045936","GO:0045936","negative regulation of phosphate metabolic process","28/453","474/16051",0.000197955346272877,0.00326086443133139,0.00232848527883847,"Mgat5/Ppp2r5a/Sirpa/Prnp/Ogt/Wwtr1/Jun/Plpp3/Camk2n1/Apoe/Sfrp1/Slc27a1/Gnai2/Socs3/Cmya5/Impact/Cry2/Hgf/Pik3ip1/Dusp1/Sirt2/Ppp1r15a/Sorl1/Dmd/Ntrk3/Tgfb2/Ddit4/Gadd45g",28
"GO:0009914","GO:0009914","hormone transport","21/453","310/16051",0.000202875230182291,0.00331777903511111,0.00236912628671928,"Glul/Gnas/Slc16a2/Camk2n1/Epha5/Slco1c1/Gja1/Lrp1/Sfrp1/Fgfr1/Cpe/Glud1/Selenom/Dio2/Gabbr1/Nrxn1/Tcf7l2/Cry2/Sidt2/Nr1d1/Sybu",21
"GO:0098727","GO:0098727","maintenance of cell number","14/453","162/16051",0.00020453449386558,0.00333288222018373,0.00237991101722426,"Sox2/Foxo1/Klf4/Hes5/Ptn/Nr2e1/Sfrp1/Fgfr1/Sox9/Hes1/Zfp36l2/Tcf7l2/Prrx1/Tfap2c",14
"GO:0009895","GO:0009895","negative regulation of catabolic process","20/453","288/16051",0.000206271510636177,0.00334913958129707,0.00239151991014892,"Bcl2/Dbi/Cst3/Chmp4b/Ogt/Pink1/Atraid/Zfp36/Crtc3/Timp3/Mt3/Fez1/Timp2/Qk/Sirt2/Tob1/Sorl1/Serpine2/Ddit4/Apoc1",20
"GO:0002763","GO:0002763","positive regulation of myeloid leukocyte differentiation","8/453","58/16051",0.000210284536177107,0.00340210338886534,0.00242933977320395,"Gnas/Car2/Notch2/Jun/Id2/Zfp36l1/Fos/Ctnnbip1",8
"GO:0008202","GO:0008202","steroid metabolic process","18/453","245/16051",0.000213430884361272,0.00344071852724754,0.00245691368287015,"Acadl/Soat1/Atp1a1/Abca1/Scp2/Apoe/Dkk3/Lrp1/Fgfr1/Mt3/Aplp2/Rora/Nr3c1/Nr1d1/Hmgcs2/Bmpr1b/Apoc1/Tiparp",18
"GO:0031345","GO:0031345","negative regulation of cell projection organization","16/453","203/16051",0.000214906089715426,0.00345221484542865,0.00246512285813924,"Itm2c/Vim/Lrp4/Prnp/Dab1/Ptprz1/Apoe/Rgma/Lrp1/Ntm/Neo1/Gfap/Hes1/Nrxn1/Ptprf/Sema6d",16
"GO:0007565","GO:0007565","female pregnancy","11/453","108/16051",0.000235848173042468,0.00374874464520133,0.00267686587538136,"Igfbp5/Ptn/Gja1/Calr/Junb/Ctsb/Ctsl/Emp2/Cbs/Klf9/Csmd1",11
"GO:0051043","GO:0051043","regulation of membrane protein ectodomain proteolysis","5/453","21/16051",0.000245127378250478,0.00385564938706481,0.00275320333831769,"Apoe/Rgma/Timp3/Timp2/Pacsin3",5
"GO:1902947","GO:1902947","regulation of tau-protein kinase activity","4/453","12/16051",0.000258811979173722,0.00397429920561682,0.00283792760749634,"Apoe/Clu/Hgf/Sorl1",4
"GO:0051668","GO:0051668","localization within membrane","10/453","92/16051",0.00026482457209945,0.00405288956625171,0.00289404662184071,"Nme7/Lrp4/Ptn/Apoe/Cd81/Nrxn1/Nrxn2/Sorbs1/Gsn/Slc7a11",10
"GO:0001763","GO:0001763","morphogenesis of a branching structure","16/453","207/16051",0.00026821050805665,0.00409088754712668,0.00292117983788086,"Bcl2/Sox2/Tnc/Sfrp1/Fgfr1/Cpe/Dag1/Sox9/Socs3/Ctnnd2/Csmd1/Hgf/Fgfr2/Celsr1/Ctnnbip1/Tfap2c",16
"GO:0000302","GO:0000302","response to reactive oxygen species","15/453","187/16051",0.000277971034165884,0.00422553283480354,0.00301732599078686,"Bcl2/Prdx6/Sirpa/Foxo1/Jun/Prdx1/Pink1/Psap/Sesn3/Fos/Impact/Pdgfrb/Hgf/Nfe2l2/Rhob",15
"GO:0098801","GO:0098801","regulation of renal system process","6/453","33/16051",0.000283325117017181,0.00427820926695944,0.00305494064769754,"Gnas/Gja1/Cyba/Ednrb/Gnai2/Emp2",6
"GO:0034249","GO:0034249","negative regulation of cellular amide metabolic process","13/453","148/16051",0.000291773503702251,0.0043731724416108,0.00312275099641454,"Igfbp5/Btg2/Prnp/Apoe/Zfp36/Calr/Clu/Ntrk2/Zfp36l1/Qk/Zfp36l2/Tob1/Sorl1",13
"GO:0007517","GO:0007517","muscle organ development","20/453","296/16051",0.000295581313651079,0.00437576258444244,0.00312460053955887,"Bcl2/Btg2/S1pr1/Id3/Plagl1/Gja1/Ephb1/Dag1/Fzd2/Fos/Tcf7l2/Cntfr/Sirt2/Fgfr2/Dmd/Tgfb2/Usp2/Nr4a1/Maff/Meg3",20
"GO:0007041","GO:0007041","lysosomal transport","10/453","94/16051",0.00031585475096055,0.00463049198010126,0.00330649514461512,"Lamp2/Pink1/Psap/Lrp1/Lamp1/Tmem106b/Sort1/Sorl1/Scarb2/Rhob",10
"GO:0051345","GO:0051345","positive regulation of hydrolase activity","28/453","488/16051",0.000318045446079394,0.0046326233785841,0.00330801711220842,"Atp1b1/Gnas/S1pr1/F3/Pink1/Arap2/Adcyap1r1/Rgma/Psap/Fgfr1/Gnao1/Fermt2/Atp1b2/Hspa2/Pdgfrb/Ctsd/Arhgef26/Tor1aip1/Tmem106b/Evi5/Rsu1/Ppp1r15a/Plxnb1/Fgfr2/Ntrk3/Abr/Gsn/Foxj1",28
"GO:0090596","GO:0090596","sensory organ morphogenesis","19/453","276/16051",0.000329588999651838,0.00476798325526196,0.00340467353164169,"Bcl2/Fjx1/Sox2/Notch2/Ptn/Fgfr1/Myo6/Ephb1/Fzd2/Sox9/Slc9a3r1/Ntrk2/Ttc8/Rorb/Fgfr2/Prrx1/Abr/Celsr1/Tspan12",19
"GO:1902305","GO:1902305","regulation of sodium ion transmembrane transport","8/453","62/16051",0.000336195760529721,0.0047694966347959,0.00340575419047933,"Atp1b1/Atp1a2/Fxyd1/Atp1b2/Slc9a3r1/Camk2d/Dmd/Fxyd6",8
"GO:0071322","GO:0071322","cellular response to carbohydrate stimulus","12/453","131/16051",0.000336918084577194,0.0047694966347959,0.00340575419047933,"Ogt/Vcam1/Camk2n1/Epha5/Lrp1/Zfp36l1/Nrxn1/Aqp4/Tcf7l2/Sidt2/Nr1d1/Sybu",12
"GO:0032102","GO:0032102","negative regulation of response to external stimulus","21/453","322/16051",0.000338937339790288,0.00478313442133957,0.00341549252394017,"Sirpa/Syt11/Cd9/Apoe/Zfp36/Selenos/Rgma/Htra1/Gja1/Neo1/Rora/Socs3/Nrxn1/Nr1d1/Hgf/Dusp1/Sirt2/Abr/Sema6d/Serpine2/Fabp7",21
"GO:0051893","GO:0051893","regulation of focal adhesion assembly","8/453","63/16051",0.000375755396561249,0.00514251343330047,0.00367211427455149,"Ptpra/Sdc4/Gpm6b/Limch1/Lrp1/Fam107a/Vcl/Fermt2",8
"GO:0090109","GO:0090109","regulation of cell-substrate junction assembly","8/453","63/16051",0.000375755396561249,0.00514251343330047,0.00367211427455149,"Ptpra/Sdc4/Gpm6b/Limch1/Lrp1/Fam107a/Vcl/Fermt2",8
"GO:0009913","GO:0009913","epidermal cell differentiation","13/453","152/16051",0.000378318690924305,0.00514649750716847,0.0036749591819516,"Klf4/Hes5/Zfp36/Psap/Fgfr1/Myo6/Slc9a3r1/Zfp36l1/Hes1/Tgfb2/Tfap2c/Maff/Txnip",13
"GO:0033674","GO:0033674","positive regulation of kinase activity","27/453","469/16051",0.000384806319391067,0.00521907972108243,0.00372678795930901,"Prnp/Sdc4/Dab1/Epha5/Mmd2/Cd81/Sash1/Fgfr1/Slc27a1/Fermt2/Clu/Rgcc/Ephb1/Dag1/Ntrk2/Emp2/Nrxn1/Pdgfrb/Plce1/Hgf/Gprc5b/Chil1/Dazap2/Fgfr2/Ntrk3/Tgfb2/Gadd45g",27
"GO:0046879","GO:0046879","hormone secretion","20/453","303/16051",0.000399804568220137,0.00539022230368221,0.00384899573352281,"Glul/Gnas/Slc16a2/Camk2n1/Epha5/Gja1/Lrp1/Sfrp1/Fgfr1/Cpe/Glud1/Selenom/Dio2/Gabbr1/Nrxn1/Tcf7l2/Cry2/Sidt2/Nr1d1/Sybu",20
"GO:0048568","GO:0048568","embryonic organ development","25/453","422/16051",0.000412865136318454,0.00551415621383238,0.00393749321368814,"Cebpb/Gnas/Sox2/Notch2/Vcam1/Id3/Gja1/Fgfr1/Junb/Myo6/Fzd2/Sox9/Slc9a3r1/Socs3/Id2/Zfp36l1/Hes1/Pdgfrb/Tcf7l2/Fgfr2/Prrx1/Abr/Celsr1/Rarres2/Tgfb2",25
"GO:0044706","GO:0044706","multi-multicellular organism process","12/453","134/16051",0.000414747762343264,0.00551415621383238,0.00393749321368814,"Igfbp5/Ptn/Gja1/Calr/Junb/Ctsb/Ctsl/Emp2/Cbs/Klf9/Csmd1/Serpine2",12
"GO:0006816","GO:0006816","calcium ion transport","23/453","374/16051",0.000415083282321599,0.00551415621383238,0.00393749321368814,"Bcl2/Dbi/Atp1b1/Atp1a2/Prnp/S100a1/Gem/Adcyap1r1/Gja1/Saraf/Gnao1/Cyba/Gnai2/Hspa2/Tmbim6/Hes1/Pdgfrb/Camk2d/Camk2g/Dmd/Pacsin3/Tgfb2/Usp2",23
"GO:0090132","GO:0090132","epithelium migration","19/453","283/16051",0.000449950168888431,0.00589096608400172,0.00420656181622802,"Glul/Klf4/Jun/Plpp3/Apoe/Sash1/Nr2e1/Cd63/Fgfr1/Calr/Rgcc/Sparc/Sox9/Emp2/Mcc/Tgfb2/Nfe2l2/Rhob/Nr4a1",19
"GO:0001504","GO:0001504","neurotransmitter uptake","6/453","36/16051",0.00046387906881633,0.00600392051925135,0.00428721918337618,"Atp1a2/Kcnj10/Slc1a2/Gpm6b/Gfap/Slc6a11",6
"GO:0097237","GO:0097237","cellular response to toxic substance","6/453","36/16051",0.00046387906881633,0.00600392051925135,0.00428721918337618,"Prdx6/Gstm5/Prdx1/Pink1/Aldh2/Nfe2l2",6
"GO:0050885","GO:0050885","neuromuscular process controlling balance","8/453","65/16051",0.000466248296570207,0.00601739254547874,0.00429683915237741,"Sox2/Psap/Aplp2/Gm2a/Slc1a3/Nrxn1/Abr/Ap1s2",8
"GO:0032515","GO:0032515","negative regulation of phosphoprotein phosphatase activity","5/453","24/16051",0.000477477144111525,0.00611008887803731,0.00436303081729026,"Mgat5/Gnai2/Cmya5/Cry2/Ppp1r15a",5
"GO:1903055","GO:1903055","positive regulation of extracellular matrix organization","5/453","24/16051",0.000477477144111525,0.00611008887803731,0.00436303081729026,"Rgcc/Dag1/Sox9/Pdpn/Tgfb2",5
"GO:0046486","GO:0046486","glycerolipid metabolic process","21/453","331/16051",0.00048800715355709,0.00620884935086059,0.00443355270249671,"Plcd4/Acsl3/Dbi/Prdx6/Naaa/Mgll/Apoe/Chpt1/Slc27a1/Abhd4/Acsl6/Pitpnc1/Socs3/Pla2g7/Pdgfrb/Tcf7l2/Plce1/Pigp/Il6st/Sorl1/Apoc1",21
"GO:0006750","GO:0006750","glutathione biosynthetic process","4/453","14/16051",0.000500386175924395,0.00626173861032461,0.00447131933299118,"Slc1a2/Gclm/Slc7a11/Nfe2l2",4
"GO:0006857","GO:0006857","oligopeptide transport","4/453","14/16051",0.000500386175924395,0.00626173861032461,0.00447131933299118,"Car2/Slc9a3r1/Slc15a2/Slc7a11",4
"GO:0072234","GO:0072234","metanephric nephron tubule development","4/453","14/16051",0.000500386175924395,0.00626173861032461,0.00447131933299118,"Wwtr1/Hes5/Sox9/Hes1",4
"GO:0072537","GO:0072537","fibroblast activation","4/453","14/16051",0.000500386175924395,0.00626173861032461,0.00447131933299118,"Fgfr1/Rgcc/Pdgfrb/Nr1d1",4
"GO:0050727","GO:0050727","regulation of inflammatory response","19/453","286/16051",0.000512212296218878,0.00639207080405377,0.00456438563514749,"Sirpa/Cebpb/Syt11/Aldh2/Mgll/Apoe/Zfp36/Selenos/Cd81/Fgfr1/Ednrb/Rora/Socs3/Pdcd4/Nr1d1/Hgf/Gprc5b/Abr/Nfkbiz",19
"GO:0060191","GO:0060191","regulation of lipase activity","8/453","66/16051",0.00051770181529079,0.00642517595415693,0.00458802502779697,"Ppt1/Adcyap1r1/Lrp1/Fgfr1/Pdgfrb/Sort1/Fgfr2/Apoc1",8
"GO:0010463","GO:0010463","mesenchymal cell proliferation","7/453","51/16051",0.000538687063187941,0.00661315012531538,0.00472225173349464,"Ptn/Fgfr1/Sox9/Arhgap5/Fgfr2/Prrx1/Ctnnbip1",7
"GO:0001678","GO:0001678","cellular glucose homeostasis","12/453","138/16051",0.000541691797954688,0.00663206444522902,0.00473575788083857,"Ogt/Vcam1/Camk2n1/Epha5/Lrp1/Nrxn1/Aqp4/Tcf7l2/Sidt2/Nr1d1/Klf15/Sybu",12
"GO:0018108","GO:0018108","peptidyl-tyrosine phosphorylation","19/453","288/16051",0.000557748769792713,0.00679194066441126,0.00484992068356822,"Lrp4/Prnp/Plpp3/Hes5/Ptprz1/Cd81/Sfrp1/Fgfr1/Aplp2/Socs3/Thbs4/Hes1/Pdgfrb/Gfra1/Hgf/Gprc5b/Clk1/Il6st/Fgfr2",19
"GO:0042472","GO:0042472","inner ear morphogenesis","10/453","101/16051",0.000563499767575902,0.00684357626573414,0.00488679211446521,"Sox2/Fgfr1/Myo6/Fzd2/Sox9/Slc9a3r1/Fgfr2/Prrx1/Abr/Celsr1",10
"GO:0042692","GO:0042692","muscle cell differentiation","22/453","359/16051",0.000577293935995309,0.00694626286239034,0.00496011752669351,"Igfbp5/Bcl2/Hopx/Cd9/Cd81/Ednrb/Neo1/Rora/Thra/Sox9/Id2/Hes1/Qk/Nr3c1/Pdgfrb/Pdcd4/Camk2d/Csrp1/Sort1/Bhlhe41/Fgfr2/Dmd",22
"GO:0031333","GO:0031333","negative regulation of protein-containing complex assembly","12/453","139/16051",0.000578088542852352,0.00694626286239034,0.00496011752669351,"Lamp2/Clu/Sptbn1/Thra/Sox9/Trim9/Impact/Add3/Sirt2/Sorl1/Gsn/Ctnnbip1",12
"GO:0071333","GO:0071333","cellular response to glucose stimulus","11/453","120/16051",0.000586767751428818,0.00701334541945263,0.00500801916439594,"Ogt/Vcam1/Camk2n1/Epha5/Lrp1/Nrxn1/Aqp4/Tcf7l2/Sidt2/Nr1d1/Sybu",11
"GO:0045682","GO:0045682","regulation of epidermis development","7/453","52/16051",0.000607596071923444,0.00720526231888272,0.00514506125384608,"Hes5/Zfp36/Zfp36l1/Hes1/Tgfb2/Tfap2c/Maff",7
"GO:0005975","GO:0005975","carbohydrate metabolic process","27/453","484/16051",0.000624269335632242,0.0073644273187866,0.00525871619626611,"Pygb/Ogt/Foxo1/Slc4a4/Phkg1/Adcyap1r1/Ldhb/Aldoa/Rora/Chst2/Ugp2/Gm2a/Aldoc/Pmm1/Ppp1r1a/Glo1/Nr3c1/Ppp1r3c/Sorbs1/Tcf7l2/Nr1d1/St8sia1/Chil1/Il6st/Scarb2/B3gat2/Ddit4",27
"GO:0150116","GO:0150116","regulation of cell-substrate junction organization","8/453","68/16051",0.000634402088924119,0.00740680789388211,0.00528897889111182,"Ptpra/Sdc4/Gpm6b/Limch1/Lrp1/Fam107a/Vcl/Fermt2",8
"GO:0030282","GO:0030282","bone mineralization","10/453","103/16051",0.00065824152943313,0.00752756801318634,0.00537521006262847,"Gpm6b/S1pr1/Atraid/Ptn/Gja1/Sox9/Tcf7l2/Bmpr1b/Fgfr2/Col1a2",10
"GO:0032956","GO:0032956","regulation of actin cytoskeleton organization","21/453","339/16051",0.000665507534125245,0.00752756801318634,0.00537521006262847,"Sdc4/Gpm6b/Notch2/S1pr1/Limch1/Epha5/Lrp1/Fam107a/Fermt2/Rgcc/Sptbn1/Pdlim4/Ctsl/Ttc8/Pdgfrb/Add3/Ntrk3/Celsr1/Gsn/Tgfb2/Rhob",21
"GO:0055119","GO:0055119","relaxation of cardiac muscle","4/453","15/16051",0.000667212231788557,0.00752756801318634,0.00537521006262847,"Atp1b1/Camk2d/Camk2g/Gsn",4
"GO:0098712","GO:0098712","L-glutamate import across plasma membrane","4/453","15/16051",0.000667212231788557,0.00752756801318634,0.00537521006262847,"Kcnj10/Slc1a2/Slc1a3/Slc7a11",4
"GO:1900151","GO:1900151","regulation of nuclear-transcribed mRNA catabolic process, deadenylation-dependent decay","4/453","15/16051",0.000667212231788557,0.00752756801318634,0.00537521006262847,"Zfp36/Zfp36l1/Zfp36l2/Tob1",4
"GO:1900153","GO:1900153","positive regulation of nuclear-transcribed mRNA catabolic process, deadenylation-dependent decay","4/453","15/16051",0.000667212231788557,0.00752756801318634,0.00537521006262847,"Zfp36/Zfp36l1/Zfp36l2/Tob1",4
"GO:1902652","GO:1902652","secondary alcohol metabolic process","11/453","122/16051",0.000674656206038335,0.00752756801318634,0.00537521006262847,"Acadl/Soat1/Abca1/Scp2/Apoe/Lrp1/Fgfr1/Mt3/Aplp2/Hmgcs2/Apoc1",11
"GO:0061178","GO:0061178","regulation of insulin secretion involved in cellular response to glucose stimulus","8/453","69/16051",0.000700231871573077,0.00769990056453963,0.00549826755776235,"Camk2n1/Epha5/Lrp1/Nrxn1/Tcf7l2/Sidt2/Nr1d1/Sybu",8
"GO:0061462","GO:0061462","protein localization to lysosome","6/453","39/16051",0.000723481358645262,0.00784059941306947,0.00559873637652201,"Lmbrd1/Lamp2/Cd81/Sort1/Sorl1/Scarb2",6
"GO:0030534","GO:0030534","adult behavior","13/453","163/16051",0.000736209656091598,0.00794054700498795,0.00567010594779318,"Prex2/Atp1a2/Kcnj10/Slc1a2/Dab1/Ppt1/Aldh2/Cntnap2/Id2/Nrxn1/Nrxn2/Clcn3/Slc7a11",13
"GO:0006898","GO:0006898","receptor-mediated endocytosis","16/453","227/16051",0.00074134710848045,0.00797696532402955,0.00569611117479791,"Lmbrd1/Syt11/Sgip1/Eps15/Ppt1/Cd9/Apoe/Cd81/Lrp1/Cd63/Clu/Myo6/Sirt2/Sorl1/Ifitm3/Scarb2",16
"GO:0009267","GO:0009267","cellular response to starvation","12/453","143/16051",0.000744898028273529,0.00798697123647463,0.00570325609612793,"Bcl2/Glul/Lamp2/Foxo1/Jun/Sesn3/Slc38a3/Nim1k/Impact/Tcf7l2/Fads1/Nfe2l2",12
"GO:0031346","GO:0031346","positive regulation of cell projection organization","24/453","415/16051",0.000751906358658199,0.00803333916207934,0.00573636603812474,"Ptprz1/Ptn/Apoe/Rgma/Lrp1/Fgfr1/Gpm6a/Fez1/Acsl6/Atp1b2/Ntrk2/Qk/Plce1/Hgf/Gprc5b/Tmem106b/Ptprf/Adamts1/Plxnb1/Dmd/Ntrk3/Scarb2/Serpine2/Nfe2l2",24
"GO:0007009","GO:0007009","plasma membrane organization","10/453","105/16051",0.000765759881727256,0.00812995807496836,0.00580535869975085,"Degs1/Syt11/Sgip1/Psap/Clu/Sptbn1/Slc9a3r1/Pacsin3/Gsn/Tgfb2",10
"GO:0006470","GO:0006470","protein dephosphorylation","16/453","229/16051",0.000814405200878147,0.0085796640929721,0.00612648025042483,"Bcl2/Mgat5/Ppp2r5a/Ptpra/Pink1/Ptprz1/Gnai2/Cmya5/Pdgfrb/Cry2/Ppp2r2b/Dusp1/Phlpp1/Ptprf/Ppp1r15a/Ppm1k",16
"GO:0031330","GO:0031330","negative regulation of cellular catabolic process","16/453","229/16051",0.000814405200878147,0.0085796640929721,0.00612648025042483,"Bcl2/Dbi/Cst3/Chmp4b/Ogt/Pink1/Atraid/Zfp36/Timp3/Mt3/Fez1/Timp2/Qk/Sirt2/Tob1/Sorl1",16
"GO:0089718","GO:0089718","amino acid import across plasma membrane","6/453","40/16051",0.000831162451022528,0.00868075914761954,0.00619866919034155,"Kcnj10/Slc1a2/Slc16a2/Gfap/Slc1a3/Slc7a11",6
"GO:0070252","GO:0070252","actin-mediated cell contraction","9/453","88/16051",0.000833582832056181,0.00868075914761954,0.00619866919034155,"Atp1a2/Atp1a1/Limch1/Fxyd1/Emp2/Kcnn2/Camk2d/Pdpn/Gsn",9
"GO:0060512","GO:0060512","prostate gland morphogenesis","5/453","27/16051",0.000845855323519227,0.00874822971584953,0.00624684789515641,"Tnc/Sfrp1/Sox9/Id4/Fgfr2",5
"GO:0060740","GO:0060740","prostate gland epithelium morphogenesis","5/453","27/16051",0.000845855323519227,0.00874822971584953,0.00624684789515641,"Tnc/Sfrp1/Sox9/Id4/Fgfr2",5
"GO:0051938","GO:0051938","L-glutamate import","4/453","16/16051",0.000869905993695725,0.00889542697842355,0.00635195703606264,"Kcnj10/Slc1a2/Slc1a3/Slc7a11",4
"GO:0071695","GO:0071695","anatomical structure maturation","16/453","231/16051",0.000893506193131851,0.00905499564851742,0.00646590022723226,"Bcl2/S1pr1/Hes5/Cntnap2/Gja1/Fgfr1/Ednrb/Dag1/Ctsl/Id2/Hes1/Nrxn1/Sirt2/Plxnb1/Tgfb2/Klf2",16
"GO:0008625","GO:0008625","extrinsic apoptotic signaling pathway via death domain receptors","8/453","72/16051",0.000931356504319331,0.0093756554768146,0.00669487377256913,"Bcl2/Pea15a/Timp3/Sfrp1/Trps1/Hgf/Bmpr1b/Sort1",8
"GO:0045747","GO:0045747","positive regulation of Notch signaling pathway","6/453","41/16051",0.000950790815219266,0.00947809762637383,0.00676802463247282,"Sox2/Enho/Hes5/Hes1/Il6st/Tgfb2",6
"GO:0031641","GO:0031641","regulation of myelination","7/453","56/16051",0.000956178943764424,0.00947809762637383,0.00676802463247282,"Hes5/Ptprz1/Ptn/Dag1/Tcf7l2/Hgf/Sirt2",7
